"jd_id","title","description","required_skills"
"JD_001","Data Analyst","Synthetic Data Analyst role requiring python, sql, statistics, machine learning.","python; sql; statistics; machine learning"
"JD_002","ML Engineer","Synthetic ML Engineer role requiring python, sql, statistics, machine learning, nlp.","python; sql; statistics; machine learning; nlp"
"JD_003","NLP Engineer","Synthetic NLP Engineer role requiring python, sql, statistics.","python; sql; statistics"
"JD_004","Backend Engineer","Synthetic Backend Engineer role requiring python, sql, statistics, machine learning.","python; sql; statistics; machine learning"
"JD_005","Analytics Engineer","Synthetic Analytics Engineer role requiring python, sql, statistics, machine learning, nlp.","python; sql; statistics; machine learning; nlp"
"JD_006","Data Analyst","Synthetic Data Analyst role requiring python, sql, statistics.","python; sql; statistics"
"JD_007","ML Engineer","Synthetic ML Engineer role requiring python, sql, statistics, machine learning.","python; sql; statistics; machine learning"
"JD_008","NLP Engineer","Synthetic NLP Engineer role requiring python, sql, statistics, machine learning, nlp.","python; sql; statistics; machine learning; nlp"
"JD_009","Backend Engineer","Synthetic Backend Engineer role requiring python, sql, statistics.","python; sql; statistics"
"JD_010","Analytics Engineer","Synthetic Analytics Engineer role requiring python, sql, statistics, machine learning.","python; sql; statistics; machine learning"
"JD_011","Data Analyst","Synthetic Data Analyst role requiring python, sql, statistics, machine learning, nlp.","python; sql; statistics; machine learning; nlp"
"JD_012","ML Engineer","Synthetic ML Engineer role requiring python, sql, statistics.","python; sql; statistics"
"JD_013","NLP Engineer","Synthetic NLP Engineer role requiring python, sql, statistics, machine learning.","python; sql; statistics; machine learning"
"JD_014","Backend Engineer","Synthetic Backend Engineer role requiring python, sql, statistics, machine learning, nlp.","python; sql; statistics; machine learning; nlp"
"JD_015","Analytics Engineer","Synthetic Analytics Engineer role requiring python, sql, statistics.","python; sql; statistics"
"JD_016","Data Analyst","Synthetic Data Analyst role requiring python, sql, statistics, machine learning.","python; sql; statistics; machine learning"
"JD_017","ML Engineer","Synthetic ML Engineer role requiring python, sql, statistics, machine learning, nlp.","python; sql; statistics; machine learning; nlp"
"JD_018","NLP Engineer","Synthetic NLP Engineer role requiring python, sql, statistics.","python; sql; statistics"
"JD_019","Backend Engineer","Synthetic Backend Engineer role requiring python, sql, statistics, machine learning.","python; sql; statistics; machine learning"
"JD_020","Analytics Engineer","Synthetic Analytics Engineer role requiring python, sql, statistics, machine learning, nlp.","python; sql; statistics; machine learning; nlp"
