"candidate_id","resume_text","skills"
"Candidate_001","Synthetic Data Analyst profile with experience in python, sql, statistics, machine learning, nlp.","python; sql; statistics; machine learning; nlp"
"Candidate_002","Synthetic ML Engineer profile with experience in python, sql, statistics, machine learning, nlp, pandas.","python; sql; statistics; machine learning; nlp; pandas"
"Candidate_003","Synthetic NLP Engineer profile with experience in python, sql, statistics, machine learning, nlp, pandas, scikit-learn.","python; sql; statistics; machine learning; nlp; pandas; scikit-learn"
"Candidate_004","Synthetic Backend Engineer profile with experience in python, sql, statistics, machine learning.","python; sql; statistics; machine learning"
"Candidate_005","Synthetic Analytics Engineer profile with experience in python, sql, statistics, machine learning, nlp.","python; sql; statistics; machine learning; nlp"
"Candidate_006","Synthetic Data Analyst profile with experience in python, sql, statistics, machine learning, nlp, pandas.","python; sql; statistics; machine learning; nlp; pandas"
"Candidate_007","Synthetic ML Engineer profile with experience in python, sql, statistics, machine learning, nlp, pandas, scikit-learn.","python; sql; statistics; machine learning; nlp; pandas; scikit-learn"
"Candidate_008","Synthetic NLP Engineer profile with experience in python, sql, statistics, machine learning.","python; sql; statistics; machine learning"
"Candidate_009","Synthetic Backend Engineer profile with experience in python, sql, statistics, machine learning, nlp.","python; sql; statistics; machine learning; nlp"
"Candidate_010","Synthetic Analytics Engineer profile with experience in python, sql, statistics, machine learning, nlp, pandas.","python; sql; statistics; machine learning; nlp; pandas"
"Candidate_011","Synthetic Data Analyst profile with experience in python, sql, statistics, machine learning, nlp, pandas, scikit-learn.","python; sql; statistics; machine learning; nlp; pandas; scikit-learn"
"Candidate_012","Synthetic ML Engineer profile with experience in python, sql, statistics, machine learning.","python; sql; statistics; machine learning"
"Candidate_013","Synthetic NLP Engineer profile with experience in python, sql, statistics, machine learning, nlp.","python; sql; statistics; machine learning; nlp"
"Candidate_014","Synthetic Backend Engineer profile with experience in python, sql, statistics, machine learning, nlp, pandas.","python; sql; statistics; machine learning; nlp; pandas"
"Candidate_015","Synthetic Analytics Engineer profile with experience in python, sql, statistics, machine learning, nlp, pandas, scikit-learn.","python; sql; statistics; machine learning; nlp; pandas; scikit-learn"
"Candidate_016","Synthetic Data Analyst profile with experience in python, sql, statistics, machine learning.","python; sql; statistics; machine learning"
"Candidate_017","Synthetic ML Engineer profile with experience in python, sql, statistics, machine learning, nlp.","python; sql; statistics; machine learning; nlp"
"Candidate_018","Synthetic NLP Engineer profile with experience in python, sql, statistics, machine learning, nlp, pandas.","python; sql; statistics; machine learning; nlp; pandas"
"Candidate_019","Synthetic Backend Engineer profile with experience in python, sql, statistics, machine learning, nlp, pandas, scikit-learn.","python; sql; statistics; machine learning; nlp; pandas; scikit-learn"
"Candidate_020","Synthetic Analytics Engineer profile with experience in python, sql, statistics, machine learning.","python; sql; statistics; machine learning"
"Candidate_021","Synthetic Data Analyst profile with experience in python, sql, statistics, machine learning, nlp.","python; sql; statistics; machine learning; nlp"
"Candidate_022","Synthetic ML Engineer profile with experience in python, sql, statistics, machine learning, nlp, pandas.","python; sql; statistics; machine learning; nlp; pandas"
"Candidate_023","Synthetic NLP Engineer profile with experience in python, sql, statistics, machine learning, nlp, pandas, scikit-learn.","python; sql; statistics; machine learning; nlp; pandas; scikit-learn"
"Candidate_024","Synthetic Backend Engineer profile with experience in python, sql, statistics, machine learning.","python; sql; statistics; machine learning"
"Candidate_025","Synthetic Analytics Engineer profile with experience in python, sql, statistics, machine learning, nlp.","python; sql; statistics; machine learning; nlp"
"Candidate_026","Synthetic Data Analyst profile with experience in python, sql, statistics, machine learning, nlp, pandas.","python; sql; statistics; machine learning; nlp; pandas"
"Candidate_027","Synthetic ML Engineer profile with experience in python, sql, statistics, machine learning, nlp, pandas, scikit-learn.","python; sql; statistics; machine learning; nlp; pandas; scikit-learn"
"Candidate_028","Synthetic NLP Engineer profile with experience in python, sql, statistics, machine learning.","python; sql; statistics; machine learning"
"Candidate_029","Synthetic Backend Engineer profile with experience in python, sql, statistics, machine learning, nlp.","python; sql; statistics; machine learning; nlp"
"Candidate_030","Synthetic Analytics Engineer profile with experience in python, sql, statistics, machine learning, nlp, pandas.","python; sql; statistics; machine learning; nlp; pandas"
"Candidate_031","Synthetic Data Analyst profile with experience in python, sql, statistics, machine learning, nlp, pandas, scikit-learn.","python; sql; statistics; machine learning; nlp; pandas; scikit-learn"
"Candidate_032","Synthetic ML Engineer profile with experience in python, sql, statistics, machine learning.","python; sql; statistics; machine learning"
"Candidate_033","Synthetic NLP Engineer profile with experience in python, sql, statistics, machine learning, nlp.","python; sql; statistics; machine learning; nlp"
"Candidate_034","Synthetic Backend Engineer profile with experience in python, sql, statistics, machine learning, nlp, pandas.","python; sql; statistics; machine learning; nlp; pandas"
"Candidate_035","Synthetic Analytics Engineer profile with experience in python, sql, statistics, machine learning, nlp, pandas, scikit-learn.","python; sql; statistics; machine learning; nlp; pandas; scikit-learn"
"Candidate_036","Synthetic Data Analyst profile with experience in python, sql, statistics, machine learning.","python; sql; statistics; machine learning"
"Candidate_037","Synthetic ML Engineer profile with experience in python, sql, statistics, machine learning, nlp.","python; sql; statistics; machine learning; nlp"
"Candidate_038","Synthetic NLP Engineer profile with experience in python, sql, statistics, machine learning, nlp, pandas.","python; sql; statistics; machine learning; nlp; pandas"
"Candidate_039","Synthetic Backend Engineer profile with experience in python, sql, statistics, machine learning, nlp, pandas, scikit-learn.","python; sql; statistics; machine learning; nlp; pandas; scikit-learn"
"Candidate_040","Synthetic Analytics Engineer profile with experience in python, sql, statistics, machine learning.","python; sql; statistics; machine learning"
"Candidate_041","Synthetic Data Analyst profile with experience in python, sql, statistics, machine learning, nlp.","python; sql; statistics; machine learning; nlp"
"Candidate_042","Synthetic ML Engineer profile with experience in python, sql, statistics, machine learning, nlp, pandas.","python; sql; statistics; machine learning; nlp; pandas"
"Candidate_043","Synthetic NLP Engineer profile with experience in python, sql, statistics, machine learning, nlp, pandas, scikit-learn.","python; sql; statistics; machine learning; nlp; pandas; scikit-learn"
"Candidate_044","Synthetic Backend Engineer profile with experience in python, sql, statistics, machine learning.","python; sql; statistics; machine learning"
"Candidate_045","Synthetic Analytics Engineer profile with experience in python, sql, statistics, machine learning, nlp.","python; sql; statistics; machine learning; nlp"
"Candidate_046","Synthetic Data Analyst profile with experience in python, sql, statistics, machine learning, nlp, pandas.","python; sql; statistics; machine learning; nlp; pandas"
"Candidate_047","Synthetic ML Engineer profile with experience in python, sql, statistics, machine learning, nlp, pandas, scikit-learn.","python; sql; statistics; machine learning; nlp; pandas; scikit-learn"
"Candidate_048","Synthetic NLP Engineer profile with experience in python, sql, statistics, machine learning.","python; sql; statistics; machine learning"
"Candidate_049","Synthetic Backend Engineer profile with experience in python, sql, statistics, machine learning, nlp.","python; sql; statistics; machine learning; nlp"
"Candidate_050","Synthetic Analytics Engineer profile with experience in python, sql, statistics, machine learning, nlp, pandas.","python; sql; statistics; machine learning; nlp; pandas"
