"resume_id","candidate_label","email","phone","skills","education","experience_years","job_category","resume_text","cleaned_text"
"RES_001","Candidate_001","candidate001@example.test","000-555-0001","Python;SQL","BSc Computer Science","2","Data Analyst","Synthetic Data Analyst candidate with skills Python;SQL and 2 years of experience.","synthetic Data Analyst candidate with skills python;sql and 2 years of experience."
"RES_002","Candidate_002","candidate002@example.test","000-555-0002","Python;NLP","MSc Data Science","3","ML Engineer","Synthetic ML Engineer candidate with skills Python;NLP and 3 years of experience.","synthetic ML Engineer candidate with skills python;nlp and 3 years of experience."
"RES_003","Candidate_003","candidate003@example.test","000-555-0003","SQL;Statistics","BTech Information Technology","4","NLP Engineer","Synthetic NLP Engineer candidate with skills SQL;Statistics and 4 years of experience.","synthetic NLP Engineer candidate with skills sql;statistics and 4 years of experience."
"RES_004","Candidate_004","candidate004@example.test","000-555-0004","Pandas;Machine Learning","BSc Computer Science","5","Backend Engineer","Synthetic Backend Engineer candidate with skills Pandas;Machine Learning and 5 years of experience.","synthetic Backend Engineer candidate with skills pandas;machine learning and 5 years of experience."
"RES_005","Candidate_005","candidate005@example.test","000-555-0005","Docker;AWS","MSc Data Science","6","Analytics Engineer","Synthetic Analytics Engineer candidate with skills Docker;AWS and 6 years of experience.","synthetic Analytics Engineer candidate with skills docker;aws and 6 years of experience."
"RES_006","Candidate_006","candidate006@example.test","000-555-0006","Python;SQL","BTech Information Technology","7","Data Analyst","Synthetic Data Analyst candidate with skills Python;SQL and 7 years of experience.","synthetic Data Analyst candidate with skills python;sql and 7 years of experience."
"RES_007","Candidate_007","candidate007@example.test","000-555-0007","Python;NLP","BSc Computer Science","8","ML Engineer","Synthetic ML Engineer candidate with skills Python;NLP and 8 years of experience.","synthetic ML Engineer candidate with skills python;nlp and 8 years of experience."
"RES_008","Candidate_008","candidate008@example.test","000-555-0008","SQL;Statistics","MSc Data Science","1","NLP Engineer","Synthetic NLP Engineer candidate with skills SQL;Statistics and 1 years of experience.","synthetic NLP Engineer candidate with skills sql;statistics and 1 years of experience."
"RES_009","Candidate_009","candidate009@example.test","000-555-0009","Pandas;Machine Learning","BTech Information Technology","2","Backend Engineer","Synthetic Backend Engineer candidate with skills Pandas;Machine Learning and 2 years of experience.","synthetic Backend Engineer candidate with skills pandas;machine learning and 2 years of experience."
"RES_010","Candidate_010","candidate010@example.test","000-555-0010","Docker;AWS","BSc Computer Science","3","Analytics Engineer","Synthetic Analytics Engineer candidate with skills Docker;AWS and 3 years of experience.","synthetic Analytics Engineer candidate with skills docker;aws and 3 years of experience."
"RES_011","Candidate_011","candidate011@example.test","000-555-0011","Python;SQL","MSc Data Science","4","Data Analyst","Synthetic Data Analyst candidate with skills Python;SQL and 4 years of experience.","synthetic Data Analyst candidate with skills python;sql and 4 years of experience."
"RES_012","Candidate_012","candidate012@example.test","000-555-0012","Python;NLP","BTech Information Technology","5","ML Engineer","Synthetic ML Engineer candidate with skills Python;NLP and 5 years of experience.","synthetic ML Engineer candidate with skills python;nlp and 5 years of experience."
"RES_013","Candidate_013","candidate013@example.test","000-555-0013","SQL;Statistics","BSc Computer Science","6","NLP Engineer","Synthetic NLP Engineer candidate with skills SQL;Statistics and 6 years of experience.","synthetic NLP Engineer candidate with skills sql;statistics and 6 years of experience."
"RES_014","Candidate_014","candidate014@example.test","000-555-0014","Pandas;Machine Learning","MSc Data Science","7","Backend Engineer","Synthetic Backend Engineer candidate with skills Pandas;Machine Learning and 7 years of experience.","synthetic Backend Engineer candidate with skills pandas;machine learning and 7 years of experience."
"RES_015","Candidate_015","candidate015@example.test","000-555-0015","Docker;AWS","BTech Information Technology","8","Analytics Engineer","Synthetic Analytics Engineer candidate with skills Docker;AWS and 8 years of experience.","synthetic Analytics Engineer candidate with skills docker;aws and 8 years of experience."
"RES_016","Candidate_016","candidate016@example.test","000-555-0016","Python;SQL","BSc Computer Science","1","Data Analyst","Synthetic Data Analyst candidate with skills Python;SQL and 1 years of experience.","synthetic Data Analyst candidate with skills python;sql and 1 years of experience."
"RES_017","Candidate_017","candidate017@example.test","000-555-0017","Python;NLP","MSc Data Science","2","ML Engineer","Synthetic ML Engineer candidate with skills Python;NLP and 2 years of experience.","synthetic ML Engineer candidate with skills python;nlp and 2 years of experience."
"RES_018","Candidate_018","candidate018@example.test","000-555-0018","SQL;Statistics","BTech Information Technology","3","NLP Engineer","Synthetic NLP Engineer candidate with skills SQL;Statistics and 3 years of experience.","synthetic NLP Engineer candidate with skills sql;statistics and 3 years of experience."
"RES_019","Candidate_019","candidate019@example.test","000-555-0019","Pandas;Machine Learning","BSc Computer Science","4","Backend Engineer","Synthetic Backend Engineer candidate with skills Pandas;Machine Learning and 4 years of experience.","synthetic Backend Engineer candidate with skills pandas;machine learning and 4 years of experience."
"RES_020","Candidate_020","candidate020@example.test","000-555-0020","Docker;AWS","MSc Data Science","5","Analytics Engineer","Synthetic Analytics Engineer candidate with skills Docker;AWS and 5 years of experience.","synthetic Analytics Engineer candidate with skills docker;aws and 5 years of experience."
"RES_021","Candidate_021","candidate021@example.test","000-555-0021","Python;SQL","BTech Information Technology","6","Data Analyst","Synthetic Data Analyst candidate with skills Python;SQL and 6 years of experience.","synthetic Data Analyst candidate with skills python;sql and 6 years of experience."
"RES_022","Candidate_022","candidate022@example.test","000-555-0022","Python;NLP","BSc Computer Science","7","ML Engineer","Synthetic ML Engineer candidate with skills Python;NLP and 7 years of experience.","synthetic ML Engineer candidate with skills python;nlp and 7 years of experience."
"RES_023","Candidate_023","candidate023@example.test","000-555-0023","SQL;Statistics","MSc Data Science","8","NLP Engineer","Synthetic NLP Engineer candidate with skills SQL;Statistics and 8 years of experience.","synthetic NLP Engineer candidate with skills sql;statistics and 8 years of experience."
"RES_024","Candidate_024","candidate024@example.test","000-555-0024","Pandas;Machine Learning","BTech Information Technology","1","Backend Engineer","Synthetic Backend Engineer candidate with skills Pandas;Machine Learning and 1 years of experience.","synthetic Backend Engineer candidate with skills pandas;machine learning and 1 years of experience."
"RES_025","Candidate_025","candidate025@example.test","000-555-0025","Docker;AWS","BSc Computer Science","2","Analytics Engineer","Synthetic Analytics Engineer candidate with skills Docker;AWS and 2 years of experience.","synthetic Analytics Engineer candidate with skills docker;aws and 2 years of experience."
"RES_026","Candidate_026","candidate026@example.test","000-555-0026","Python;SQL","MSc Data Science","3","Data Analyst","Synthetic Data Analyst candidate with skills Python;SQL and 3 years of experience.","synthetic Data Analyst candidate with skills python;sql and 3 years of experience."
"RES_027","Candidate_027","candidate027@example.test","000-555-0027","Python;NLP","BTech Information Technology","4","ML Engineer","Synthetic ML Engineer candidate with skills Python;NLP and 4 years of experience.","synthetic ML Engineer candidate with skills python;nlp and 4 years of experience."
"RES_028","Candidate_028","candidate028@example.test","000-555-0028","SQL;Statistics","BSc Computer Science","5","NLP Engineer","Synthetic NLP Engineer candidate with skills SQL;Statistics and 5 years of experience.","synthetic NLP Engineer candidate with skills sql;statistics and 5 years of experience."
"RES_029","Candidate_029","candidate029@example.test","000-555-0029","Pandas;Machine Learning","MSc Data Science","6","Backend Engineer","Synthetic Backend Engineer candidate with skills Pandas;Machine Learning and 6 years of experience.","synthetic Backend Engineer candidate with skills pandas;machine learning and 6 years of experience."
"RES_030","Candidate_030","candidate030@example.test","000-555-0030","Docker;AWS","BTech Information Technology","7","Analytics Engineer","Synthetic Analytics Engineer candidate with skills Docker;AWS and 7 years of experience.","synthetic Analytics Engineer candidate with skills docker;aws and 7 years of experience."
"RES_031","Candidate_031","candidate031@example.test","000-555-0031","Python;SQL","BSc Computer Science","8","Data Analyst","Synthetic Data Analyst candidate with skills Python;SQL and 8 years of experience.","synthetic Data Analyst candidate with skills python;sql and 8 years of experience."
"RES_032","Candidate_032","candidate032@example.test","000-555-0032","Python;NLP","MSc Data Science","1","ML Engineer","Synthetic ML Engineer candidate with skills Python;NLP and 1 years of experience.","synthetic ML Engineer candidate with skills python;nlp and 1 years of experience."
"RES_033","Candidate_033","candidate033@example.test","000-555-0033","SQL;Statistics","BTech Information Technology","2","NLP Engineer","Synthetic NLP Engineer candidate with skills SQL;Statistics and 2 years of experience.","synthetic NLP Engineer candidate with skills sql;statistics and 2 years of experience."
"RES_034","Candidate_034","candidate034@example.test","000-555-0034","Pandas;Machine Learning","BSc Computer Science","3","Backend Engineer","Synthetic Backend Engineer candidate with skills Pandas;Machine Learning and 3 years of experience.","synthetic Backend Engineer candidate with skills pandas;machine learning and 3 years of experience."
"RES_035","Candidate_035","candidate035@example.test","000-555-0035","Docker;AWS","MSc Data Science","4","Analytics Engineer","Synthetic Analytics Engineer candidate with skills Docker;AWS and 4 years of experience.","synthetic Analytics Engineer candidate with skills docker;aws and 4 years of experience."
"RES_036","Candidate_036","candidate036@example.test","000-555-0036","Python;SQL","BTech Information Technology","5","Data Analyst","Synthetic Data Analyst candidate with skills Python;SQL and 5 years of experience.","synthetic Data Analyst candidate with skills python;sql and 5 years of experience."
"RES_037","Candidate_037","candidate037@example.test","000-555-0037","Python;NLP","BSc Computer Science","6","ML Engineer","Synthetic ML Engineer candidate with skills Python;NLP and 6 years of experience.","synthetic ML Engineer candidate with skills python;nlp and 6 years of experience."
"RES_038","Candidate_038","candidate038@example.test","000-555-0038","SQL;Statistics","MSc Data Science","7","NLP Engineer","Synthetic NLP Engineer candidate with skills SQL;Statistics and 7 years of experience.","synthetic NLP Engineer candidate with skills sql;statistics and 7 years of experience."
"RES_039","Candidate_039","candidate039@example.test","000-555-0039","Pandas;Machine Learning","BTech Information Technology","8","Backend Engineer","Synthetic Backend Engineer candidate with skills Pandas;Machine Learning and 8 years of experience.","synthetic Backend Engineer candidate with skills pandas;machine learning and 8 years of experience."
"RES_040","Candidate_040","candidate040@example.test","000-555-0040","Docker;AWS","BSc Computer Science","1","Analytics Engineer","Synthetic Analytics Engineer candidate with skills Docker;AWS and 1 years of experience.","synthetic Analytics Engineer candidate with skills docker;aws and 1 years of experience."
"RES_041","Candidate_041","candidate041@example.test","000-555-0041","Python;SQL","MSc Data Science","2","Data Analyst","Synthetic Data Analyst candidate with skills Python;SQL and 2 years of experience.","synthetic Data Analyst candidate with skills python;sql and 2 years of experience."
"RES_042","Candidate_042","candidate042@example.test","000-555-0042","Python;NLP","BTech Information Technology","3","ML Engineer","Synthetic ML Engineer candidate with skills Python;NLP and 3 years of experience.","synthetic ML Engineer candidate with skills python;nlp and 3 years of experience."
"RES_043","Candidate_043","candidate043@example.test","000-555-0043","SQL;Statistics","BSc Computer Science","4","NLP Engineer","Synthetic NLP Engineer candidate with skills SQL;Statistics and 4 years of experience.","synthetic NLP Engineer candidate with skills sql;statistics and 4 years of experience."
"RES_044","Candidate_044","candidate044@example.test","000-555-0044","Pandas;Machine Learning","MSc Data Science","5","Backend Engineer","Synthetic Backend Engineer candidate with skills Pandas;Machine Learning and 5 years of experience.","synthetic Backend Engineer candidate with skills pandas;machine learning and 5 years of experience."
"RES_045","Candidate_045","candidate045@example.test","000-555-0045","Docker;AWS","BTech Information Technology","6","Analytics Engineer","Synthetic Analytics Engineer candidate with skills Docker;AWS and 6 years of experience.","synthetic Analytics Engineer candidate with skills docker;aws and 6 years of experience."
"RES_046","Candidate_046","candidate046@example.test","000-555-0046","Python;SQL","BSc Computer Science","7","Data Analyst","Synthetic Data Analyst candidate with skills Python;SQL and 7 years of experience.","synthetic Data Analyst candidate with skills python;sql and 7 years of experience."
"RES_047","Candidate_047","candidate047@example.test","000-555-0047","Python;NLP","MSc Data Science","8","ML Engineer","Synthetic ML Engineer candidate with skills Python;NLP and 8 years of experience.","synthetic ML Engineer candidate with skills python;nlp and 8 years of experience."
"RES_048","Candidate_048","candidate048@example.test","000-555-0048","SQL;Statistics","BTech Information Technology","1","NLP Engineer","Synthetic NLP Engineer candidate with skills SQL;Statistics and 1 years of experience.","synthetic NLP Engineer candidate with skills sql;statistics and 1 years of experience."
"RES_049","Candidate_049","candidate049@example.test","000-555-0049","Pandas;Machine Learning","BSc Computer Science","2","Backend Engineer","Synthetic Backend Engineer candidate with skills Pandas;Machine Learning and 2 years of experience.","synthetic Backend Engineer candidate with skills pandas;machine learning and 2 years of experience."
"RES_050","Candidate_050","candidate050@example.test","000-555-0050","Docker;AWS","MSc Data Science","3","Analytics Engineer","Synthetic Analytics Engineer candidate with skills Docker;AWS and 3 years of experience.","synthetic Analytics Engineer candidate with skills docker;aws and 3 years of experience."
